[
     {
      "bankId": "0001",
      "bankName": "SBI",
      "branchName": "Basar",
      "ifscCode": "SBIN0014154"
    },
    {
      "bankId": "0002",
      "bankName": "DBS",
      "branchName": "Singapore",
      "ifscCode": "DBSI0008904"
    },
    {
      "bankId": "0003",
      "bankName": "APB",
      "branchName": "Delhi",
      "ifscCode": "APBN0009084"
    },
    {
      "bankId": "0004",
      "bankName": "Kotak",
      "branchName": "Hyderabad",
      "ifscCode": "KMBL0019785"
    },
    {
      "bankId": "0005",
      "bankName": "ICICI",
      "branchName": "Peddapalli",
      "ifscCode": "ICIC0012342"
    }																																						
  ]

