[
    {
        "userId": "0001",
        "bankName": "SBI",
        "branchName": "Basar",
        "accountNo": "34305842316",
        "confirmAccountNo": "34305842316",
        "ifscCode": "SBIN0014154",
        "accountType": "Savings",
        "accountStatus": "Active"
    },
    {
        "userId": "0002",
        "bankName": "DBS",
        "branchName": "Singapore",
        "accountNo": "34305842316",
        "confirmAccountNo": "34305842316",
        "ifscCode": "DBSI0008904",
        "accountType": "Savings",
        "accountStatus": "Active"
    },
    {
        "userId": "0003",
        "bankName": "APB",
        "branchName": "Delhi",
        "accountNo": "34305842316",
        "confirmAccountNo": "34305842316",
        "ifscCode": "APBN0009084",
        "accountType": "Savings",
        "accountStatus": "Active"
    },
    {
        "userId": "0004",
        "bankName": "Kotak",
        "branchName": "Hyderabad",
        "accountNo": "34305842316",
        "confirmAccountNo": "34305842316",
        "ifscCode": "KMBL0019785",
        "accountType": "Savings",
        "accountStatus": "Active"
    },
    {
        "userId": "0005",
        "bankName": "ICICI",
        "branchName": "Peddapalli",
        "accountNo": "34305842316",
        "confirmAccountNo": "34305842316",
        "ifscCode": "ICIC0012342",
        "accountType": "Savings",
        "accountStatus": "Active"
    },
    {
        "userId": "0006",
        "bankName": "SBI",
        "branchName": "Basar",
        "accountNo": "34305842316",
        "confirmAccountNo": "34305842316",
        "ifscCode": "SBIN0014154",
        "accountType": "Savings",
        "accountStatus": "Active"
    },
    {
        "userId": "0007",
        "bankName": "DBS",
        "branchName": "Singapore",
        "accountNo": "34305842316",
        "confirmAccountNo": "34305842316",
        "ifscCode": "DBSI0008904",
        "accountType": "Savings",
        "accountStatus": "Active"
    },
    {
        "userId": "0008",
        "bankName": "APB",
        "branchName": "Delhi",
        "accountNo": "34305842316",
        "confirmAccountNo": "34305842316",
        "ifscCode": "APBN0009084",
        "accountType": "Savings",
        "accountStatus": "Active"
    },
    {
        "userId": "0009",
        "bankName": "Kotak",
        "branchName": "Hyderabad",
        "accountNo": "34305842316",
        "confirmAccountNo": "34305842316",
        "ifscCode": "KMBL0019785",
        "accountType": "Savings",
        "accountStatus": "Active"
    },
    {
        "userId": "0010",
        "bankName": "ICICI",
        "branchName": "Peddapalli",
        "accountNo": "34305842316",
        "confirmAccountNo": "34305842316",
        "ifscCode": "ICIC0012342",
        "accountType": "Savings",
        "accountStatus": "Active"
    },
    {
        "userId": "0011",
        "bankName": "SBI",
        "branchName": "Basar",
        "accountNo": "34305842316",
        "confirmAccountNo": "34305842316",
        "ifscCode": "SBIN0014154",
        "accountType": "Savings",
        "accountStatus": "Active"
    },
    {
        "userId": "0012",
        "bankName": "DBS",
        "branchName": "Singapore",
        "accountNo": "34305842316",
        "confirmAccountNo": "34305842316",
        "ifscCode": "DBSI0008904",
        "accountType": "Savings",
        "accountStatus": "Active"
    },
    {
        "userId": "0013",
        "bankName": "APB",
        "branchName": "Delhi",
        "accountNo": "34305842316",
        "confirmAccountNo": "34305842316",
        "ifscCode": "APBN0009084",
        "accountType": "Savings",
        "accountStatus": "Active"
    },
    {
        "userId": "0014",
        "bankName": "Kotak",
        "branchName": "Hyderabad",
        "accountNo": "34305842316",
        "confirmAccountNo": "34305842316",
        "ifscCode": "KMBL0019785",
        "accountType": "Savings",
        "accountStatus": "Active"
    },
    {
        "userId": "0015",
        "bankName": "ICICI",
        "branchName": "Peddapalli",
        "accountNo": "34305842316",
        "confirmAccountNo": "34305842316",
        "ifscCode": "ICIC0012342",
        "accountType": "Savings",
        "accountStatus": "Active"
    }
]